Issue	IssueText
0	เข้าร่วม
0	ยินดีต้อนรับครับบบ
0	ครับ
0	คะ
0	พี่ดา
0	เนทบ้าน
0	โครมเคลียร์แคชแล้วฮะ
0	ได้ๆอยู่คะ
0	ลูกค้า
0	บนไหนคะคุณดา
0	http://172.26.64.104:8088/PSML2
0	ตรวจสอบซักครู่ค่ะ
0	ตอนนี้ปรับให้เรียบร้อยแล้วค่ะ
0	ขอตรวจสอบสักครู่นะคะ
0	คุณดาคะ
0	อันนี้เป็นงานไส้ฟันใช่มั้ยคะ
0	มาจาก
0	เพราะไม่เห้นมีจำนวนชิ้นต่อชุดขึ้นมาให้ระบุเลยอ่ะค่ะ
0	พี่ดา
0	ไส้ฟันคะ
0	มาจากml
0	หมายถึงใส่referแล้วขอราคา
0	อันนี้
0	uat
0	คุณดาคะ
0	ใช่ครับ
0	อันนี้เป็นงาน
0	multi
0	ที่
0	ยังไม่
0	อ่อ
0	รับทราบค่ะ
0	ขอตรวจสอบแปบนะคะ
0	ตอนนี้โปรแกรมทำอย่างนั้นค่ะคุณดา
0	ที่คุณดาเจอคือเปลี่ยนตัวเดียว
0	เพราะถ้า
0	คุณเฟิร์นดาส่งเมลล?ยืนยันนำขึ้น
0	คะ
0	คืนนี้ดีกว่าค่ะ
0	ok
0	ข้อมูลที่ปรากฏจึงซ้ำๆกันค่ะ
0	สักครู่นะคะ
0	เดี่ยวเช็คสักครู่นะ
0	เป็นงาน
0	สร้างไว้เมื่อปี
0	ใช่ๆๆ
0	ต้องตั้งการ์ดฝั่งโรงงานคนขายก่อน
0	อ้อออ
0	Copy
0	ป่าวค่ะ
0	ใช่เลข
0	เป็นงานจ้างอะคะ
0	ลองดูค่ะ
0	ว้าวว
0	ใช่ค่ะตอนนี้กดฟอร์มได้
0	อ้นลองดูนะ
0	โอเคค้าบบ
0	ได้ค่ะ
0	ใช่ค่ะ
0	userตามมา
0	ได้ค่า
0	พรุ่งนี้เฟินนำขึ้นให้ค่ะ
0	ขอบคุณคร๊าบบบ
0	ขอบคุณมากค่ะ
0	ถามอยู่นะคะ
0	สักครู่ค่ะ
0	ขึ้นแล้วนะคะ
0	เดี๋ยวเฟินส่ง
0	อ้อ
0	โอเคครับ
0	ถ้างั้นเดี๋ยวเช็คให้นะคะ
0	TCSP-998-6202-002ครับ
0	เช็คสักครู่นะคะ
0	ขอบคุณครับบ
0	UAT
0	SUPPASIV
0	http://172.26.64.104:8088/PSM/resources/j_spring_security_logout
0	คุณดาจะทดสอบใช่มั้ยคะ
0	ใช้
0	ขออภัยด้วยค่ะ
0	มะเป็นไรค่า
0	ตัวเลขเลขคะ
0	อันนี้ใช่มั้ยคะ
0	ตัวแรกอะคะ
0	ทดสอบเลยคะ
0	โอเค
0	คุณมิ้ว
0	งั้นเดี๋ยวมิ้วดูให้นะคะ
0	ขอบคุณมากครับพี่ดา
0	ได้ครับพี่
0	ฟิวใส่สเปคให้ครบก่อนน้าา
0	เคสเดียวกะโอ๊ค
0	เฟินดูให้นะคะ
0	เคคะ
0	เรียบร้อยแล้วเดี๋ยวเฟินแจ้งนะคะ
0	อ๋อ
0	อะเครคะ
0	เดี๋ยวเชคให้ค่ะ
0	ขึ้นคะ
0	เป็นไงบ้าง
0	โดนถามมาอีกแล้น
0	ทักกันเยอะเลยย
0	อ่อ
0	ได้ค่ะ
0	ซักครู่นะคะ
0	ได้ค่า
0	ขออภัยที่ล่าช้าค่ะ
0	เกิดจากไรเหรอคะ
0	ถ้าทราบสาเหตุแล้วจะแจ้งให้ทราบนะคะ
0	ขออภัยในความไม่สะดวกคะ
0	แจ้งกันมาอย่างต่อเนื่องงงง
0	กำลังดูให้ค่ะ
0	อ้อ
0	Logic
0	เข้าร่วม
0	เข้าร่วม
0	เข้าร่วม
0	เข้าร่วม
0	เข้าร่วม
0	เข้าร่วม
0	เข้าร่วม
0	เข้าร่วม
0	เข้าร่วม
0	request
0	แปปนะ
0	คุณดา
0	เมื่อครู่นี้ค่ะ
0	me
0	หืม
0	ตอนนี้เข้าได้รึยังอะคะ
0	ได้ล้าว
0	พี่ก็เข้าได้นะ
0	ลองอีกครั้งครับ
0	พี่ก็เข้าได้
0	เมื่อกี้
0	แต่ตอนพี่เฟิร์นบอก
0	อาจจะจังหวะหน่วงเหรอเปล่า
0	ขอบคุณมากครับพี่นิก
0	ได้ละครับ
0	เป็น
0	กำลังทยอยเช็คให้อยู่ค่ะ
0	แต่
0	ขอสรุปสักครู่นะคะ
0	จะแจ้งรายละเอียดให้ทราบค่ะ
0	ได้ค่ะ
0	คุณมิ้วค์ฝากแจ้งตามนี้นะคะ
0	มีความคืบหน้าจะแจ้งให้ทราบอีกที
0	สอบถามคะ
0	ยังนะคะ
0	ขอบคุณครับผม
0	อันนี้คือรายการ
0	และมิ้วค์ว่าเราต้องป้องกันกรณีนี้ด้วยค่ะ
0	หรือให้
0	ครับผม
0	555
0	ขอบคุณค่ะ
0	ผลการทดสอบคะ
0	คุณดาคะ
0	รับทราบค่ะ
0	รับทราบค่ะ
0	กำลังตรวจสอบครับ
0	ติดนะคะ
0	ได้ละคะ
0	อ่อ
0	ตอนนี้
0	ขอบคุนคร้าบ
0	อันนี้มิ้วค์ลองมันได้ปกติค่ะ
0	เดี๋ยวผมบอกพี่เจ๋งอีกทีครับ
0	presales
0	Drawing
0	รายการของคุณตุลย์
0	ไม่ได้มีการ
0	คงต้องตรวจสอบกับทาง
0	ตุลย์ลองเช็คกะaeนะ
0	เป็นของพี่เกี้ยครับ
0	แต่ว่าเมื่อวาน
0	ลองรีเฟรชหน้าใหม่ดูค่ะ
0	approve
0	มิ้วเข้าได้ปกตินะ
0	ลอง
0	มาแล้วครับบ
0	หน่วงๆหน่อยนะครับ
0	อ่อ
0	+1
0	(+)(1)
0	กำลังตรวจสอบครั
0	กำลังตรวจสอบครับ
0	ตอนนี้ใช้งานได้ตามปกติแล้วค่ะ
0	ขออภัยในความไม่สะดวกค่ะ
0	เกิดจากไรเหรอพี่มิลค์
0	ไม่อ่ะ
0	ได้มั้ยครับบ
0	ลองอีกครั้งได้เลยครับ
0	เข้าได้ละครับ
0	ได้แล้วครับบ
0	ขอบคุณมากครับ
0	จะมอนิเตอร์ให้เป็นระยะนะ
0	นิค
0	ส่งงานตั้ง
0	Cancel
0	ถ้าพี่
0	ระบบจะ
0	คุณดาคะ
0	ok
0	พี่พิเชษฐ์
0	@พิเชษฐ์
0	พี่มิลค์ๆ
0	Update
0	Request_approver
0	ใส่นะะ
0	ไม่ๆตอนแรกเป็น
0	อ้อออ
0	เช็ดดด
0	เยอะมาก
0	555555
0	กำแล้ว
0	เทอทำไปกี่รายการ
0	เอ่อ
0	Where
0	ว้าว
0	เยส
0	มีกี่รายการ
0	10+
0	น้อย
0	ตกใจหมดเลย
0	555
0	อิอิ
0	ปรับเอา
0	เดี๋ยวงานก็เข้าแล้ว
0	หมายถึงว่า
0	นิคไม่ได้เอาคอมมาาา
0	อยู่
0	อ่ะ
0	เดี๋ยวทำให้
0	เดะตอนบ่ายง่า
0	กราบ
0	อัพเดทให้แล้ว
0	ขอบคุณค้าบบบ
0	อันนี้
0	ใน
0	แปป
0	ใช้ลิ้งนี้
0	Recap
0	กับ
0	ในเมลล์
0	ของวันไหนง่ะ
0	ช่วงนี้
0	กราบ
0	เฉพาะlot4
0	TCRY
0	ถ้า
0	หรือว่า
0	หมายถึง
0	Production
0	ก็ตามปกติ
0	อ่าเค
0	หลักๆ
0	เพราะ
0	ช่วงนี้
0	อ่า
0	มีคำถาม
0	เพราะเวลานำขึ้นเรายกทั้งก้อน
0	delegate
0	แต่ผูกรวมกับ
0	ใช่
0	อ้อ
0	delegate
0	อันนี้ลองเล่น
0	tckk_dept
0	ตั้งแต่วันที่
0	แต่ทำก่อนหน้า
0	เทอค่ะ
0	หยังก้ะ
0	delegate
0	เทอต้องขอ
0	ไม่ๆ
0	อันนี้ลองเล่นใน
0	มันไม่ทำย้อนหลังให้เธอ
0	สร้าง
0	ML
0	แล้วก็ลอง
0	ผ่าน
0	แต่
0	เธอ
0	ก่อน
0	อะไรก่อนนะ
0	delegate
0	หรือวา่
0	อ่ะเค
0	ได้แล้ววว
0	delegate
0	dimension
0	ใช่ๆ
0	แต่เอกสารเก่าจะไม่ขึ้นแล้วนะ
0	ลองแปป
0	เคสที่เจอคือ
0	อันนี้ลองละ
0	เคส
0	แต่ถ้าอันเก่า
0	อันเก่าหมายถึงยังไง
0	ที่เคยสร้างแล้วใช่ปะ
0	ต้องลองเล่นใหม่
0	งั้นมีคำถามว่า
0	ถ้า
0	หรือต้อง
0	แต่ถ้าตัวใหม่
0	คือที่คุยกันถ้าเป็นเคส
0	ถ้าเป็น
0	เฉพาะตัวใหม่หลังจาก
0	อ้อ
0	อันนี้
0	ที่
0	อันนั้นมันมาจาก
0	อ้อ
0	ถ้าจะทดสอบตามที่
0	โอเค
0	ขึ้นแล้ว
0	งัน
0	dimension
0	delegate
0	ผ่านครับ
0	นิค
0	@Dadah
0	เอาขึ้นเลยมิ
0	อันนี้คือไฟล์ที่
0	น่าจะใช่
0	ของ
0	นิคเทสให้แล้นน
0	อ่ะเค
0	ได้แล้วนะ
0	ลองใหม่ครับพี่ยีน
0	กำลัง
0	นิค
0	ขึ้นเลยครับ
0	ไม่กระทบเรื่องอื่นนะคะ:)))
0	จะทำการ
0	รบกวนแจ้ง
0	ขอบคุณค่ะ
0	ดำเนินการ
0	natchaut
0	เดี๋ยวส่ง
0	692
0	1g7kf2
0	แปปนะพี่
0	เน็ตช้าง่าาา
0	เน็ตที่พี่ปะ?
0	ช่าย
0	ลองทำใหม่เลยครับ
0	เสร้จละ
0	เคคค่ะ
0	ยัง*
0	มีในระบบน้าา
0	มันเคยมีสร้างแล้วนะ
0	TCS-29082-6202-005
0	แปลกก
0	@พิเชษฐ์
0	มาแล้ว
0	ยังไม่มาค่ะ
0	@พิเชษฐ์
0	k
0	จัดหัย
0	เบื้องต้น
0	พอให้พรีเซลคำนวน
0	เหลือ
0	สวัสดีวันจันทร์คะ
0	อันนี้จะคำนวณทีละ
0	ถ้าใส่จาก
0	แต่เวลากดคำนวฯฝณ
0	ก็จะคำนวณครั้งละ
0	งั้นก็คือได้แค่ครั้งละ
0	น้องดิษขอไฟล์หน่อยไดมั้ยคะ
0	คุณดาคะ
0	คสนี้ต้องรบกวนให้ขอใหม่ค่ะ
0	สาเหตุที่
0	@Oak
0	และีไฟล์ตับแนบกลับมาในระบบ
0	แต่เนื่องจาก
0	ให้สร้าง
0	ทาง
0	สร้างแค่
0	อันนี้หมายถึงอะไรคะ
0	รบกวนคุณมิ้วส่งเข้าห้องตัดบางปูให้หน่อยได้มั้ยเอ่ยยย
0	โอเคขอบคุณคะ
0	เบื้องต้นเดี่ยวคุณมิ้วปรับให้เข้าห้องตัดบางปูให้ก่อน
0	หากดำเนินการเรียบร้อยแล้วจะแจ้งให้ทราบค่ะ
0	แต่อาจจะเจอเคสติดมาบ้างสำหรับงานตัวเก่าๆก่อนปรับฟังก์ชั่นการขอกล่องตัวอย่างอะคะ
0	ขอบคุณมากครับพี่ดา
0	หากดำเนินการเรียบร้อยแล้วจะแจ้งให้ทราบค่ะ
0	ตอนนี้ห้องตัดมองเห็นงานแล้วนะคะ
0	ขอบคุณคะ
0	เดี๋ยวมิ้วค์เช็คข้อมูลที่มีลักษณะนี้ให้
0	แล้วจะดำเนินการอัพเดทห้องตัดให้ค่ะ
0	น่าร๊ากกกที่ซู๊ดดด
0	เรียนสอบถาม
0	pdf.
0	pdf
0	ตัวเล็กเฉพาะช่องนี้ได้มั้ยเอ่ย
0	เดี๋ยวลองทดสอบให้นะคะ
0	ประมาณนี้พอจะได้มั้ยคะ
0	ok
0	งั้นอันนี้
0	ใช่คะ
0	อันนี้ที่ลองทดสอบบน
0	เริ่ดคะ
0	จะลองทดสอบบน
0	ทางมิ้วค์จะได้ดำเนินการขึ้นให้ก่อน
0	@۞
0	ได้ครับ
0	เคคะ
0	ขึ้นแล้นฝากแจ้งนะคะ
0	รับทราบค่ะ
0	เดี่ยวนำขึ้นละแต้งให้ทราบอีกครั้งนะคะ
0	ตอนนี้นำเรื่อง
0	สามารถทดสอบได้แล้วค่ะ
0	อันนี้
0	ส่งใหม่อีกรอบครับ
0	Hello
0	เอ่อ
0	แก้แล้วครับนิคลืมตั้ง
0	ถาวรเลยใช่ไหมครับ
0	ไม่ต้องให้นิค
0	เยสสส
0	เคค่ะ
0	@Dadah
0	ปล
0	มันโหลดมานานแล้วฮะ
0	ไม่กล้ากด
0	ขอไฟล์หน่อยคร๊าบบบ
1	มีปัญหา
0	ขอเมล์พี่ดาหน่อยครับบบบ
0	dararaam@scg.com
0	ส่งแล้วครับบบ
0	ไฟล์ใหม่ครับบบ
0	ไฟล์ที่อีเมลล์นะคะ
0	รับทราบค่ะ
0	ขอเช็คก่อนนะ
0	รายการนี้ทางน้องปลาไม่ได้ครับ
0	ต้องใช้กล่องด่วนครับผม
0	น่าจะมาจากการลากลงมาเลยทำให้
0	รบกวนแจ้ง
0	เช็คให้อยู่นะ
0	ตุลย์อันนี้เป็นrequest
0	ตอนนี้เหมือนจะมี
0	ฝากดูให้อีกทีค้าบ
0	แต่ผมขอนอกรอบไปแล้วครับ
0	ใช้ใบ
1	เซลว่าห้องตัดก็ไม่เห็น
0	อันนี้เขา
0	ห้องตัดเหรอคะ
0	ห้องตัดsubmitไปแล้วววนิ
0	เมื่อวานบ่ายสาม
0	อ่า
0	ตอนนี้ให้ตัดเพิ่มแล้วครับ
0	แจ้งเพื่อทราบ
0	3249-337-00
0	เข้ามาในข้อมูล
0	กรณี
0	ถ้างานไม่ผ่าน
0	เพื่อทราบ
0	@สมศักดิ์
0	เบื้องทาง
0	PC
0	น้องวิว
0	ต้องส่งใบเปลี่ยนแปลงอีกครั้งนะครับ
0	อย่าทำเปลี่ยนแปลง
0	เบื้องต้นวิวทำเอกสารปป.แล้วอีกครั้งค่ะ
0	ok
0	พี่ทรแจ้งว่าใครส่งมาหลัง
0	ข้อมูลถึงจะมาวางแผน
0	หรือหาช่องทางแจ้งพี่อาทรโดยตรง
0	ตัวนี้สร้างสักพักแล้วเป่าคะ
0	ยังไงนะคะ?
0	พอดีช่วงก่อนมี
0	อ่ออ
0	ขออภัยในความไม่สะดวกคะ
0	จะแก้ไขอะไร
0	อย่างงี้ก็ต้อง
0	หรือถ้าจะเปลี่ยนแปลงระบบ
0	เพื่อความมั่นใจ
0	นิคจ๋า
0	เอกสารอนุมัติราคา
0	ปลดได้มั้ยเหรอคะ
0	จะได้
0	ยกตัวอย่างสิ่งที่จะเกิดหลังปลดกรณีนี้นะคะ
0	ว่าเกิดจากอะไรครับ
0	พึ่งดึงมาทำเปลี่ยนแปลง
0	เข้าใจว่าก่อนแก้
0	อันนี้กดใหม่อีกรอบมั้ยคะ
0	สักครู่นะคะ
0	ว่าเค้ากดเปลี่ยนหรือระบบtrick
0	ดีเลยครับพี่ดา
0	ทั้ง
0	เอ่อ
0	เพราะถ้าจากรูปที่ส่งมามี
0	ใช่จากรูปที่ส่งมามั้ยคะ
0	กรณีแบบนี้
0	จะต้องคีย์
0	ไงดี
0	ให้
0	เพราะเป็นที่
0	ลองเช็คตรง
0	ขอ
0	มันไปคนทำเลย
0	กล่องตัวอย่าง
0	ขอไป
0	@Dadah
0	คือเข้าใจว่าใช้ลากตากcellลงมา
0	โอเคครับบบบ
0	ไม่แน่ใจว่า
0	น่าจะได้แล้ว
0	แต่ว่าน่าจะวิ่งคนละสายกันไหมครัน
0	ขอตัวอย่าง
0	หมายถึง
0	เลยไม่แน่ใจกระเป๋ากลางคืออะไรเอ่ย
0	หมายถึง
0	อ่อ
0	เข้าใจว่างั้นเหมียนกัน
0	อะเครค้าบบ
0	แต่ดูจากเวลาก็คิดว่าไม่น่า
0	ได้ครับผม
0	ลองเคลียร์แคชอีกครั้งคะ
0	เดิมโรงงานใครเป็นคนเซ็นต์
0	เกรดกระดาษ
0	อันนี้บน
0	ที่prodคะ
0	เซลแจ้งมา
0	ส่งให้ก่อนเดี่ยวลืม
0	อ่อค่ะ
0	ให้
0	เพราะเป็นที่
0	ฝากดูให้ต่อหน่อยนะคะ
0	quotation
0	อันเดียวกันค่ะ
0	คือทางมิ้วค์นำขึ้น
0	เพราะมิ้วค์ก็ลืมแจ้งด้วย
0	อะเครคะ
0	ได้ค่ะ
0	มิ้วค์นำขึ้น
0	พี่ตั๋น
0	ฝากเคสนี้หน่อยนะคะ
0	ขอรายละเเอียดเพิ่มเติมได้มั้ยคะ
0	ว่าเลข
0	หรือ
0	ยังติดไม่มีคน
0	เช่น
0	เคสนี้ด้วยคะ
0	มีผลกับการเปิด
0	ได้ละค๊าหน.ผลิต
0	ให้ssเช็คอยู่นะคะ
0	อันนี้กด
0	กดแล้วครับ
0	ขอตรวจสอบสักครู่ค่ะ
0	เจอเหมือนกันเลยยยยค่า
0	เจอสามคนเลยยย
0	case
0	มิ้วค์กำลังตรวจสอบอยู่
0	เป็นไงบ้างอะคะ
0	เดี๋ยวมิ้วค์นำขึ้นให้ทดสอบบน
0	รบกวนทดสอบบน
0	172.26.64.104:8088/PSM
0	อันนี้ที่เครื่องไหนคะ
0	172.26.64.104:8088/PSM
0	สักครู่นะคะ
0	หรือช้าเพราะเป็นเครื่องนี้รึเปล่า
0	อันนี้ทดสอบเรื่องอะไรคะ
0	คุณมิ้วให้ดาทดสอบเรื่องที่คุณกิ้วแจ้งไม่ใช่เหรอคะ
0	ก็เรืองนี้คะ
0	มีในระบบแล้วนะครับ
0	ลองรีเฟรชดูนะคะ
0	คือดารีเฟรสแล้ว
0	เคลียร์แคชแล้ว
0	ตอนนี้ก็ยังไม่ได้หรอค่ะ
0	หรือคุณมิ้วพึ่งปรับเพิ่ม
0	มิ้วปรับเวอร์ชั่นของแคชอ่ะค่ะ
0	มันเลยบันทึกได้แล้ว
0	คุณดาพอจะส่งมาเป็นคลิปได้มั้ยคะ
0	คือได้แล้วเป่าคะ
0	มันจะไปเชื่อมกับเคสที่ว่าไม่ระบุ
0	เดิมมันก็โอเคอยู่แล้วนะคะ
0	ไม่ได้เพิ่มหรือแก้ไขเลยย
0	โอเครค่ะ
0	ถ้าอย่างนั้นคุณดาลองทดสอบใหม่
0	ได้อยู่น้าาาา
0	ตรวจสอบให้อยู่นะคะ
0	ตรวจสอบให้อยู่นะคะ
0	มันหน่วงๆค่ะ
0	เคสเมื่อวานทาง
0	เอาขึ้นให้เทสแล้วเมื่อเช้าแต่ยังติดอยู่
0	ถ้าได้แล้วจะรีบแจ้งตรวจสอบซักครู่ค่ะ
0	ฝากเช็คให้หน่อยคะ
0	ตัว
0	เคสคุณกิ้วทดสอบแล้วคะ
0	Pcก่อนกะลังขอคะ
0	0510-6206-019
0	0510-6206-019
0	อันนี้เปนเอกสารที่ทำปป.ค่ะ
0	อีกรายการนึง
0	เซลว่าเป็นเหมือนกัน
0	คุณดาคะ
1	เคสเปลี่ยนแปลงหายคะ
0	คุณดาคะ
0	เข้าไปหาที่
0	17,019
0	เคสนี้ขึ้นเมื่อไหร่กันดีคะ
0	เดี๋ยวนำขึ้นให้ค่ะคุณดา
0	คืนนี้ได้ไหมคะ
0	ok
0	ทาง
0	งาน
0	ฝากดูให้หน่อยครับ
0	เหมือนพี่ดาด้า
0	ถ้ายังฝากด้วยนะครับ
0	ได้รึยังครับ
0	หรือ
0	นิคอยู่อินโดยังไม่สะดวกเลยครับ
0	@Kittinun
0	พี่ฟิววว
1	@Fuse
0	โหลดไฟล์ไม่ขึ้นเหรอพี่
0	พี่เลือก
0	หรือ
0	ใส่สีไปก่อนก็ได้ครับแล้ว
0	ช่าย
0	เมื่อคืนนำเคสของคุณกิ๊วขึ้น
0	Lot
0	Done
0	ทำละค่ะ
0	ขอตรวจสอบเพิ่มเติมก่อนส่งค่ะคุณดา
0	@Dadah
0	นานหลายวันแล้วค่ะ
0	ขออภัยในความไม่สะดวกครับ
0	ขอบคุณมากอีกครั้งที่ตอบรับค่ะ
0	ใช่ค่ะ
0	ลองกดเช็คอีกรอบครับ
0	เรื่องอะไรคะคุณดา
0	เรื่องที่แก้ไปอะคะ
0	ขอทราบ
0	ให้คะแนนเต็มที่
0	งงด้วยยย
0	ขอตรวจสอบสัดครู่นะคะ
0	สัก**
1	มีการ
0	แปปนะ
0	กำลังตรวจสอบครับ
0	ใน
0	@Dadah
0	Tomcat
0	กำลังตรวจสอบนะฮะ
0	แต่แปลกใจทำไม
0	หะ
0	โดน
0	แบบ
0	Mcafee
0	มิทราบเลยจ้าาา
0	ตอนนี้
0	เข้าได้ค่ะ
0	ขออนุญาตลองเรื่อง
0	User:
0	เข้าได้แล้วนะคะ
0	เคส
0	งง
0	เข้าได้แล้วนะคะ
0	คุณมิ้วกลับไปหน้า
0	ใช่ค่ะ
0	ทำตามคลิปของคุณกิ๊วเลยค่ะ
0	อันนี้คุ๊แฮมเจออะคะ
0	ซึ่งไม่ทราบเคสคุณกิ๊วมาก่อน
0	เดี๋ยวมิ้วค์ส่งเป็นคลิปให้ค่ะ
0	ที่
0	อ่อ
0	อะเคคะ
0	ยังไงฝากแจ้งด้วยนะคะ
0	ชัวร์คะ
0	ได้ละครับ
0	ทำให้แล้วนะครับ
0	สอบถามค่ะ
0	ถึงแค่พี่บอย
0	กดจะส่งออกไม่ได้นะคะ
0	จริงด้วย
0	ใากดูให้หน่อยคะ
0	คุณดาคะ
0	แจ้งเซลได้เลยค่ะ
0	เปิดได้แล้วค่ะ
0	เคลียร์แคชก่อนใช้งานเรียบร้อยฮะ
0	ส่งเช็คให้นะคะ
0	ขอบคุณครับพี่ดาด้า
0	ตอนนี้น่าจะกดได้แล้วค่ะ
0	ขออภัยในความล่าช้าค่ะ
0	ทดลองอีกครั้งนะคะ
1	รบกวนตรวจเช็คระบบให้ด้วยนะครับ
0	ผูกใน
1	รบกวนตรวจเช็คระบบให้ด้วยนะครับ
0	ผูกเเล้วครับ
0	ตรวจสอบให้สักครู่ค่ะ
0	เช็คใน
0	ขึ้นเเล้วครับขอบคุณมากครับ
0	ตั้ง
0	ทำเปลี่ยนแปลงชื่อสินค้า
0	เคสเก่าคะ
0	เดี๋ยวปรับ
0	เคส
0	ได้เคสไหนฝากแจ้งหน่อยนะคะ
0	เช็คให้อยู่นะคะ
0	คุณดาคะ
0	สามารถค้นหาในchange
0	ทำไมยังพบเคสนี้เหรอคะ
0	ขอทราบเลข
0	มิ้วค์ไม่แน่ใจว่าเพิ่งออกเอกสาร
0	ที่ออกเอกสารวันที่
0	มันมีโอกาสที่จะเด้งบ้างไหมครับ
0	เพราะถ้าออกเอกสารก่อนการเปลี่ยนแปลง
0	ขอเลขที่quotationหน่อยคะ
0	รบกวนขอวันที่ออกเอกสารได้มั้ยคะ
0	เพราะมิ้วค์ลองกดมา
0	ถ้ากดออกเอกสารหลังจากที่มิ้วค์ปรับ
0	อันนี้มิ้วค์กดเมื่อกี้ค่ะ
0	@Dadah
0	ตัวที่เคยแจ้งใช่ไหมครับ
0	ใช่ครับพี่นิก
0	อัอ
0	ลองอีกทีนะคะ
0	เคลียร์แคชด้วยน้า
0	มีเลขบอร์ดไหมครับ
0	เป็นบอร์ดใหม่ครับ
0	Rsc
0	นิคต้องใช้เลขบอร์ดอ่ะครับ
0	ไม่งั้นนิคแอดเข้าระบบไม่ได้
0	นิค
0	พี่รบกวนสอบถามค่ะ
0	อันนี้พี่ไปแก้ไข
0	สีเหลือง
0	แบบพวกบอร์ด
0	เขากำหนดเป็นไฟล์อะไรมาเหรอครับพี่
0	AE
0	ต้องแจ้งก่อนว่า
0	diecut
0	เพราะไม่งั้นจะไม่มี
0	หมายถึง
0	ถ้าไม่โหลดโปรแกรมไม่ยอมออกให้ครับ
0	อ้อจำเป็นครับ
0	ในระบบ
0	เดี๋ยวนิคขอลองเข้าหน่อยได้ไหมครับ
0	ตอนนี้ไม่มีงานเข้ามาครับ
0	Drawing
0	สอบถามหน่อยครับ
0	จะมีแบ่งเป็น
0	เคสนี่พอจะมีแนวทางแก้ไหมครับ
0	ถ้าเพื่อใช้งานในตอนนี้คงต้องปรับตอนระบุข้อมูลไปก่อนค่ะ
0	แต่ถ้าระยะยาวคงต้องคุยกันก่อน
0	เพราะมันปรับเพื่อรองรับฟังก์ชั่นงานตัวใหม่
0	รบกวนสอบถามครับ
0	@Newsb
0	ซึ่งเรื่องนี้คงต้องนำกลับมาคุยกับทางโรงงาน
0	ลองดูครับ
0	ขอบคุณมากครับพี่เอ๋
1	นิ๊ก
0	สอบถามเรื่อง
0	drawing
0	ขอบคุณครับ
0	ใช่ครับไว้เป็น
0	เป็นพวก
0	ตามภาพแนบครับ
0	มีทางแก้ไขอย่างไรได้บ้างครับ
0	เพิ่มเติมอีก1รายการค่ะ
0	สอบถามเพิ่มเติมอันนี้คือ
0	Copy
0	แนบไฟล์กลับมาไม่ได้เหรอ
0	แนบไฟล์เป็น
0	หรือว่า
0	อ่าแล้วติดอะไรเอ่ย
0	ไฟล์แนบเป็นPDFค่ะ
0	งั้นลองส่งไฟล์มาได้ไหมครับ
0	ตรวจสอบให้สักครู่
0	@OoGotoO
0	7.84
0	แล้วเกิดจากอะไรได้บ้างเหรอครับ
0	หมายถึงที่ขึ้น
0	ช่ายย
0	จะลองตรวจสอบตอนนำไผแสดงที่ฟอร์มให้นะคะ
0	ได้ค่ะ
0	ส่งมาในเมล์
0	ขอ
0	อาจจะตรงฝั่ง
0	อันนี้ขอ
0	ต้องเช็คที่
0	ถ้าไม่ได้ขอใหม่จากในระบบ
0	@meechain
0	หมายถึงวินหรีอพี่?
0	ของพี่วินครับ
0	ของเคสพี่กำลังให้
0	manual
0	หรือว่าพี่จะต้องใช้เลย
0	คือต้องทำเอกสารใหม่นะ
0	ถ้าให้
0	ฮุ้ววว
0	คือเกิดจาก
0	คือ
0	อันนี้เริ่ม
0	แปปนะ
0	คือเขาไม่ต้องการนะ
0	เพราะ
0	มันก็ไม่มีอยู่แล้ว
0	ช่ายๆ
0	ก็ต้องทำเอกสารใหม่
0	ต้องขอ
0	ขอบคุณค้าบ
0	ขอ
0	นิคให้ส่งไปใหม่แล้วนะพี่แหม่ท
0	ยังเจอเหมือนเดิมเหรอครับ
1	งมาใหม่ก็ยังเป็นอยู่ค่ะ
0	ที่กล่องไม่มีค่า
0	ที่ตัวส่วนประกอบฮะ
0	คนละตัวกับเคสก่อนหน้านี้รึเปล่า
0	เพราะ
0	อันนี้คือถ้าเจออีก
0	ก็คือ
0	หรือว่าต้องปรับอะไรก่อนไหมครับ
0	เดี๋ยวปรับข้อมูลให้
0	อ้อ
0	เพราะจะได้ให้
0	เดี๋ยวให้
0	อ้อ
0	เลยเกิดเคสนี้
0	ขอบคุณครับ
0	เสร็จละครับ
0	ขอดีพอย
0	อันนี้ในฝั่ง
0	นิค
0	http://172.26.64.104:8088/PSML5/
0	เดี่ยวดาเทสให้คะ
0	ครับ
0	User
0	ครับผม
0	User
0	ที่บอกว่า
0	อันนี้คือพี่ตุล
0	กดได้แล้วนะคะ
0	ลองกดอีกทีครับ
0	ทำแล้วจ้า
0	@Monster
0	สอบถามค่ะ
0	มันๆม่ขึ้น
0	TCKP-1323-6207-001
0	ขอ
0	natchaut
0	หมายถึงไม่มีไฟล์เข้าไปให้หรอคะ
0	ช่าย
0	ขอตรวจสอบสักครู๋ค่ะ
0	มีการเปลี่ยนแปลงข้อมูลขึ้นค่ะ
0	ต้องส่งใหม่ใช่ไหมครับ
0	ตามหลักแล้วใช่ค่ะ
0	โอเคครับ
0	รบกวน
0	cancel
0	แปปนะครับ
0	ราคาขึ้นละครับ
0	กดไดเลย
0	@พิเชษฐ์
1	ฝากน้องนิคเช็คให้ทีครับ
1	Quotation
0	เพิ่งลบไปใช่ไหมครับ
0	น่าจะใช่ครับ
0	อันนี้นิคขอเช็คก่อนครับ
0	เคสนี้อัพเดทข้อมูให้แล้วนะคะ
0	ตอนนี้สามารถ
0	สาเหตุน่าจะเกิดจากการ
0	รบกวน
0	ทาง
0	ยังไม่ได้
0	ขอทราบได้มั้ย
0	ว่ากดยังไง
0	ก็คือตอนแรกพี่ตุล
0	ไม่ครับ
0	พี่เลยให้น้องนิคช่วยลองทำ
0	พี่เจ๋ง
0	Songpanp
0	อันนี้คือลองลบแล้วใช่มั้ย
0	หรือว่าลบไม่หมดหว่า
0	แต่มันของปี
0	เหมือนน่าจะลบไม่หมด
0	เอ่อ
0	อันนี้คือยังไงอ่ะ
0	ให้เอาออกให้หมด
0	หรือว่ายังไงอ่ะ
0	คือ
0	สรุปคือจะไม่
0	ตาม
0	ทุก
0	จะได้ลบให้
0	ใช่ฮะ
0	โอเคร
0	ส่วนเคสพี่ตุล
0	ลบให้หมดแล้วนะคะ
0	อันนี้นิกลองรึยัง
0	อันนี้คืออยากรู้ว่าที่ไม่ได้เพราะกด
0	หรือว่ามากด
0	แปปนะ
0	เมื่อกี้นิคลองจาก
0	นั่นคือสิ่งที่ถามไง
0	เพราะนี่ก็ำได้
0	ได้ละ
0	ขอบคุณค้าบ
0	อันนี้ขอตัวอย่างได้ไหมครับ
0	เคสคุณโอ๊ค
0	ขอ
0	lส่งผิด
0	อันนี้ไม่เด้ง
0	user
0	พี่ไม่ได้ขอตัวอย่างครับ
0	ได้แล้วครับ
0	หมุนนานมาก
0	เวลาเรา
0	upload
0	ใช่
0	เคสพี่ตุล
0	เช็คยังไงได้บ้างครับ
0	เรื่องใส่
0	ตอนนี้ปรับ
0	ให้ลองอีกทีใช่ไหมครับ
0	ทางพี่มิลค์แจ้งว่าปรับหลังบ้านให้สามารถ
0	ราคาในฟอร์มขึ้นเลขทศนิยมเยอะไหมไหมอ่ะครับ
0	คุณเฟิร์นคะ
0	มีตัวเรื่อง
0	รบกวนเช็คนิดนึงครับ
0	aha
0	2
0	ข้อ
0	แต่ลองแล้วว่าได้อยู่
0	Change
0	ค่ะ
0	เคสเดียวกันครับ
0	เอ่อ
0	ของ
0	แต่อันแรก
0	@พิเชษฐ์
0	1.ลูกค้าไดเซล
0	2.ลูกค้าไทยพาฝัน
0	3.ลูกค้ายูโร่
0	รายการล่าสุดโดนลบไปแล้ว
0	ถ้าไม่
0	ส่วนรายการอื่น
0	สักครู่นะคะ
0	Trick
0	ผลการทดสอบคะ
0	รับทราบค่ะ
0	พี่แนนทำสีเหลืิอง.
0	@พิเชษฐ์
1	สรุปต้องวิ่งให้ใครครับ
0	กำลังเช็คครับ
0	ลองส่งไปใหม่อีกทีครับว่ายังขึ้นพี่เจมไหมครับ
0	เสดละครับ
0	ยกเลิกแล้วส่งใหม่
0	สามารถขึ้นเป็น
0	เพราะยังไม่ได้ระบุจำนวนสี
0	@พิเชษฐ์
0	มาแล้วค่า
0	กรณีจะเพิ่มชื่อAEในpresales
0	มีให้เลือกแค่นี้ครับ
0	อยู่คนละทีมเหรอเปล่าครับ
0	ใช่ครับ
0	อยู่คนละโรงงาน
0	อ้ออันนี้ยังไม่รองรับครับ
0	สามารถเพิ่มให้ก่อนได้ป่าวครับ
0	ยังไม่ได้ครับ
0	แต่ตอนนี้อยู่ช่วงทดสอบอยู่ครับ
0	ถ้าอัพเดทแล้วจะแจ้งให้ทราบครับ
0	เกิดจากอะไรเหรอคะ
0	ขอตรวจสอบสาเหตุที่แน่ชัดก่อนนะคะ
0	พี่พิเชษ
0	เอาเคสนี้ก่อนก็ได้คะ
1	มันค้างในระบบ
0	คุณดาคะ
0	A8
0	เปิดได้ละนะคะ
0	ฝากดูสาเหตุหน่อยนะคะ
0	เอกสารไหนคะคุณดา
0	ตัวตะกี้อะคะ
0	งานที่AEปิง
0	เอกสารที่ว่าคือ
0	ข้อความในเอกสาร
0	หมายเหตุหายคือ
0	ตอนนี้ที่ลองดูคือ
0	ML1214
0	แต่ทั้งรายการอยู่ในใบเดียวกัน
0	เลยสับสนว่าที่
0	User
0	นิคหายเลยยยย
0	สินค้า
0	แต่
0	เลข
0	21950-459
0	ผุก
0	กันเหรอเปล่า
0	ผูก
0	ถ้าผูก
0	คือสมมุติว่า
0	นี่ครับ
0	อันนี้เคสเดียวกันไหมครับพี่ปืน
0	ใช่ๆ
0	เหมือนเคยเห็นคุยๆกัน
0	แปปนะพี่
0	รบกวนโทรกลับนะคะ
0	ตัวนี้ก็ติดครับ
0	ไปที่พี่เจมส์
0	เรียบร้อย
0	อยู่ระหว่างตรวจสอบนะคะ
0	เคสงานเปลี่ยนแปลง
0	เคสนี้
0	อันนี้คือเหตุผลที่ช่องลำดับมีขนาดใหญ่ค่ะ
0	อันนี้
0	งั้น
0	อยู่
0	ตอนนีเนื้อหาของ
0	กะเรื่องการพิมพ์
0	มีค่ะ
0	ในรายละเอียดหมายเหตุในส่วน
0	รบกวนขอ
0	คุณดาคะ
0	http://172.26.64.104:8088/PSML5/login
0	อันนี้คือตัวที่มิ้วคุยกับคุณดาครั้งก่อนมั้ยคะ
0	คะ
0	อันเดียวกันค่ะ
0	แล้วขึ้นหมายเหตุมั้ยคะ
0	ML1221
0	ต้องลองกดอีกครั้งดูค่ะ
0	ตามที่เซลระบุไป
0	มิ้วค์ขอทดสอบก่อนค่ะ
0	อันนี้
0	เฉพาะใน
0	ใช่มั้ยเอ่ย
0	เดี่ยวไปหารือกันวันที่
0	Sales
0	เคคะ
0	อันนี้
0	คุณดาคะ
0	คุณเฟิน
0	พร้อมทีมคุณยุท
0	แต่progress
0	Surapoma
0	User
0	สักครุ่นะคะ
0	เช็คให้อยู่นะคะ
0	ที่
0	สาเหตุที่ดำเนินการต่อไม่ได้
0	รบกวนสอบถามทาง
0	ถ้าปรับ
0	ดึงกลับไปแก้ก็ได้ค่ะ
0	สาเหตุที่ดำเนินการต่อไม่ได้
0	ได้ค่ะคุณดา
0	สงสาร
0	พพพพพพ
0	รบกวนสอบถามครับ
0	หมายถึงช่องไหนคะ
0	ายละเอียดการเปลี่ยนแปลง
0	อื่นๆ
0	คุณดาคะ
0	อยากทราบจำนวนที่แสดงได้อะคะ
0	อื่นๆ
0	ในเอกสารได้ประมาณ
0	ขอบคุณคะ
0	ระบบมีปัญหาไหมคะ
0	เป็นเฉพาะ
0	แต่รายการนี้แก้มือไปเองแล้วนะคะ
0	ตอนนี้
0	อันนี้ที่
0	เบื้องต้นตอนนี้ตั้งในระบบ
0	ไม่ได้โยนจาก
0	คนตั้งการ์ดฝากแจ้งมาครับ
0	อันนี้ข้อมูลฝั่ง
0	ไม่ทราบว่าที่แจ้งว่าดึงมาผิดนี่คือเปรียบเทียบจากข้อมูลส่วนไหน
0	อันนี้ข้อมูลฝั่ง
0	ส่วนจำนวนทศนิยมที่แสดงในเอกสารเดี๋ยวปรับให้ค่ะ
0	thx
0	@พิเชษฐ์
0	LP*
0	ข้อมูลที่pm2อะคะ?
0	แดง-น้ำเงินครับพี่ดา
0	ช่วยexport
0	export
0	Excel
0	คืออยากรู้ว่ากรอกอะไรบ้างอะคะ
0	อันนี้เคส
0	รบกวนเช็คให้หน่อยคะ
0	รับทราบค่ะ
0	เช็คให้อยู่นะคะ
0	ขอบคุณมากครับบ
0	แดง-น้ำเงินครับพี่ดา
0	ทางuserยืนยันเลยไม่รู้ไงดี
0	เอ่อ
0	แสดงว่าเปลี่ยนมาจาก
0	เพราะข้อมูลฝั่ง
0	อยากรู้ว่า
0	มีนะ
0	ช็คให้หน่อยได้มั้ย
0	ทำไมสีพิมพ์ของ
0	เดี่ยวให้นิคเช็คจ๊อบกับ
0	ขอบคุณมากครับพี่
0	นิคขอเลข
0	27883-0027-00
0	Mat
0	มาในระบบนะ
0	แต่
0	ระบบไหน
0	ที่ขึ้น
0	Psm
0	อ่าห์เราให้ดูที่ดึงเข้ามา
0	มันต้องเช็คต้นทางว่าส่งอะไรมาให้เราอ่ะ
0	Mat
0	ขอถามได้มั้ยว่าโดนปลดเมื่อไหร่
0	น่าจะวันที่
0	ขึ้น
0	แล้วข้อมูลสีอ่ะ
0	เนี้ย
0	อันนี้
0	ตัวที่ดำน้ำเงินมันโดนปลด
0	เอ้ย
0	ทำเปลี่ยนแปลงใน
0	ลำดับ
0	Sale
0	ทำอะไรเสร็จวันที่
0	คลิปอันนี้เคส
0	แต่userลองหลายทีขึ้นไม่สำเร็จ
0	คนละไฟล์กับอันแรกใช่มั้ยคะ
0	อันนี้อีกเคสคะ
0	กลายเป็น
0	ต้องใส่มิตินี่ค่ะ
0	ถ้าใส่มาแค่
0	โอ๊คต้องใส่ID？
0	เพราะถ้าใส่sheetsizeจะคำนวณจากsheet
0	ใช่ครับ
0	งานมีหลายตัว
0	แล้วถ้าเป็นงาน
0	ใส่แค่
0	อันนี้ขอจรวจสอบก่อนนะคะ
0	ว่าลอจิกที่เคยตกลงกันไว้เป็นยังไง
0	สรุปรบกวนโอ๊คต้องใส่
0	แต่ระบบจะคำนวณจากfg
0	ใส่ทั้ง
0	หรือเบือกproducttype
0	*เลือก
0	แล้วถ้ามีหูจับ
0	รอๆคะ
0	เดี๋ยวผมลองดูก็ได้ครับ
0	ผลกระทบคือ
0	เรื่อง
0	ซึ่งอันตรายมากๆนะคะ
0	Re
0	ใช่คะ
0	จะเริ่มทดสอบอังคารที่จะถึง
0	ขอบคุณนะคะพี่ดาด้า
0	เดี่ยวจะแจ้งทางโรงงานให้คะ
0	ขออภัยในความไม่สะดวกด้วยนะคั
0	ฟ้าทนถู
0	รบกวนเพิ่ม
0	@Oak
0	ขอบคุณพี่ดามากครับ
0	คุณมิ้วเลย
0	ขอบคุณคุณมิ้วด้วยครับ
1	แล้วเรื่อง
0	คุณมิ้วลองแล้วได้ปกติอะ
0	เคลียร์แคชละลองอีกทีได้มั้ย
0	ได้ครับ
0	@Suriya
0	คุณดาคะ
0	เหรอคะ
0	เข้าไปหน้า
0	ชื่อดูน่าจะแจ้งต่อได้อีกอะคะ
0	ฝากเช็คให้หน่อยน่ะค้าบบ
0	@Toon
0	เพราะ
0	อันนี้คือ
0	เสร็ละครับ
0	แต่เป็นบอร์ด
0	ปกติบอร์ด
0	ไม่งั้นจะให้เพิ่มบอร์ดไปไหมครับใน
0	เดี๋ยวเฟินนำขึ้นพร้อม
0	เคสนี้เข้าใจว่า
0	ดังนั้นจึงสามารถเลือก
0	รบกวนด้วยครับนิค
0	ได้ครับ
0	สงสัยอย่างนึงครับนิค
0	พี่มีเฉพาะที่เป็น
0	เดี๋ยวจะกลายเป็นเพิ่ม
0	@Dadah
0	โอ๊คใช้อันที่
0	เมื่อสักครู่ลอง
0	แสดงว่ามันต้องมีผลแน่ๆ
0	ขออภัยครับ
0	ต้องเพิ่มบอร์ดเข้าไปคะ
0	@Dadah
0	ไว้นัดไปกินจ่าอูนอกรอบนะครับ
0	อันนี้น่าสนมากกก
0	พุ่งนี้วันสุดท้ายนะ
0	สมัครไปละครัล
0	พุ่งนี้ไป
0	งั้นต้องเลือกน้ำหนักกะเอว
0	เบื่ออาหารอินโด
0	เบื่อแล้วววว
0	รอกลับไปกินเลี้ยงส่งพี่ดาด้า
0	เลี้ยงส่งนิค
0	รวบไปเลยสินะพี่ดาด้า
0	ใช่ครับ
1	รบกวนทางระบบ
0	เดี๋ยวเฟิร์นติดตามเคสให้ค่ะคุณดา
0	ขออภัยครับ
0	ยังคะ
0	ตรวจสอบอยู่นะคะ
0	อันนี้วันนั้นทิ้งไว้ว่าตอนนี้
0	แบบไหนหมายถึงยังไงอ่ะพี่มิลค์
0	อ่าห์
0	ถ้ามีการแก้ไขสีใน
0	ถ้ามาอัพเดทจะมาทำตอนไหน
0	ตรงนี้ช่วยเช็คให้หน่อยค่ะ
0	อันนี้ต้องเช็คข้อมูล
0	เพราะข้อมูล
0	ค่าลิ้นกาวเป็น
0	ในเอกสาร
0	สอบถามคะเคสนี้ลอน
0	หรือใช้
0	ใช้
0	เดี่ยวให้พรีเซลปรับเป็น
0	ขอปรับลอนcเป็น
0	พี่พิเชษฐ์
0	เดี๋ยวนิคเช็คให้นะครับ
0	แต่อาจจะเย็นๆหน่อย
0	ได้ครับผม
0	ลองอีกรอบครับ
0	นิกครับ
0	1.ลอนB:Ttf175/Csf110/Ttf175
0	2.ลอนBC:Ttf150/Csf110/csf110/csf110/ttf150
0	3.ลอนAB:kaf335/caf185/kaf335/caf185/kaf335
0	4.ลอนE:ttf175/caf125/ttf150
0	5.ลอนB:ttf150/csf110/ttf150
0	ขอเลขบอร์ดครับ
1	รบกวนเช็ค
0	สักครู่ค่ะ
0	มีรายการไหนบ้างคะ
1	ที่ค้างเพราะ
0	มีแค่
0	แต่
0	OK
0	ปรับข้อมูล
0	ส่วน
0	ตามนี้ครับ
0	รายการที่4ไม่แน่ใจมีในระบบแล้วรึป่าวครับ
0	เพราะมีโรงอื่นใช้ครับ
0	แจ้งให้
0	รายการที่4พี่จอให้แล้วเกน
0	*ขอ
0	รายการที่5คะขออภัย
0	เสดละครับ
0	Add
0	Customer
0	1030681
0	YEUAP
0	@Gainny
0	เกนรอระบบรีเฟรชหลังเที่ยง
0	นิคอยู่อินโดครับ
0	แต่ที่เช็คคร่าวๆ
1	เผอิญว่าเหมือนพรีเซล
0	นิคครับ
1	คุณเฟิร์นคะ
0	คุณดาคะ
0	เป็นที่
0	Size
0	พอใส่จำนวนร่องฟันถึงขึ้นอะคะ
1	เพราะไม่เห้นมีจำนวนชิ้นต่อชุดขึ้นมาให้ระบุเลยอ่ะค่ะ
1	มีลูกค้าส.ขอนแก่น
0	พอจะมี
1	ตรงช่อง
1	แผ่นรอง
1	ไม่แสดงฺBOM
0	คือที่ถ้าจาก
0	ดาลองตัวที่เป็น
0	คือตอนนี้คอนเซ็ปที่เช็คจะมีเรื่อง
0	ตัวนี้คือนำขึ้นเลยแล้ว
0	ทำไมมีให้เลือกเยอะจังครับ
0	เคสนี้สาเหตุมาจากการผูก
0	ปกติผูกได้1-1เป่าอะคะ
0	อันนี้มันผูกมาให้ตั้งแต่ต้นอ่ะค่ะ
0	น่าจะเกิดจาก
1	รบกวนช่วยดูสินค้ารายการนี้ให้หน่อยครับ
1	เป็นกระดาษเปล่า
1	เึสคุณอ้นดาเข้าไปดูกดitem
1	มันขึ้นสถานะ
1	แต่พอกด
0	ตอน
0	ข้อมูลบางส่วนในการออกฟอร์มไม่ครบค่ะคุณดา
0	เช่นใน
0	ข้อมูลมันไม่ครบเลยออก
0	ตอนส่งเป็นแสตนดาร์ดครับมแต่พี่ปริญไปแก้มืออีกที
0	แต่งงว่า
0	งั้นเดี๋ยวแจ้ง
0	ต้องให้นิคเพิ่ม
0	ตัวนี้มาจาก
0	เพราะเป็นงาน
0	ไม่มีการส่ง
0	และไม่มี
0	งั้นถ้าเพิ่มข้อมูลที่
0	Process
0	แต่เป็น
0	แต่ตรง
0	คุณมิ้วปรับให้
1	User:
0	พอจะทราบมั้ยคะว่า
0	ต้องถามว่าได้กดโหลดไปแล้วยังคะ
0	พอดีตอนนี้ในหน้า
0	Deploy
0	แอบลืม
0	เครคะ
0	ขออนุญาตเริ่ม
0	เดี่ยวแจ้งuserให้คะ
0	ขออนุญาตเริ่ม
1	ขนาดไม่ขึ้นค่า
0	ขอรายละเอียดเพิ่มเติมค่ะ
0	ตัวนี้
0	ว่าsend
0	คาดว่าน่าจะเป็นเพราะ
0	คุณเฟิร์นขาา
1	TCKP
1	TCNK
1	ข้อมูล
1	คกก,
1	ฟิวส์
1	Email
1	งานเปลี่ยนแปลงที่เป็น
1	งานตัวนี้ไม่มีBomครับ
1	หน้า
1	งานเปลี่ยนแปลง
1	รูปแผ่นรองที่
1	lp
0	รบกวนเคลียร์แคชก่อนเริ่มการใช้งานด้วยคะ:))
0	เนื่องจากมีการอัพเดทโปรแกรม
1	เคส
0	ต้องแก้ยังไงนะครับ
0	ลองเปลี่ยนเลขตรง
1	ทุกโรงงานทักเรื่องนี้
1	กด
0	ขอเลข
0	ขอลองกดนะคะ
1	เคสคุณโอ๊คบางปู
0	TCSP-998-6202-002
0	ผมกดแล้วไม่มีอะไรเกิดขึ้นครับพี่ดา
0	อันนี้ถูกเลขใช่มั้ยคะ
0	user
0	PSML4
0	ตอนนี้ตัว
0	แต่ตะกี้ยังใช้อยู่เลยคะ
0	งานคุณดฮีค
0	แจ้งเลือก
0	โอเค
0	อันนี้ไม่มีสเปคเลยค่ะ
0	มิ้วค์สามารถทดสอบได้เลยหรอคะ
0	คะ
0	แบบไม่มีสเปคเลยหรอคะ
0	ดาลองดูแล้วกดไม่ได้
0	ใช่คะ
0	เช่นยังไม่รู้
0	สาเหตุเพราะจังหวะกดปุ่ม
0	ในทุกๆ
0	จะมีการบันทึก
0	และจะมีบางการคำนวณใน
0	เมื่อไม่ระบุสเปค
0	พี่ดาครับ
0	ให้กรอก
0	ต้องระบุสเปคอ่ะค่ะ
0	แต่เดิมไม่ต้องกรอกจริงๆนะคะ
0	ให้กรอก
0	ถามโอ๊คๆก็ยืนยันคะ
0	ว่าเดิมส่งได้จีๆ
0	กรอกคร่าวๆ
0	เดี่ยวแก้ให้เหมือนเดิมละบอกอีกทีนะ
1	กด
0	คุณมิ้วคะเคสนี้จะแก้ได้ช่วงไหนคะ
1	มันกะทบของเดิม
0	ตอนเย็นค่ะคุณดา
0	เดี๋ยวเฟินให้น้องเอาขึ้นบน
0	เดี่ยวทาง
1	เมื่อก่อนไม่จำเป็นนี่พี่ดา
0	แหะๆๆ
0	คุณดาคะ
0	เฉพาะเรื่องsend
0	ของlot4ด้วยรึเป่า
0	อันนี้เฟินนำขึ้นเฉพาะเรื่องนี้ก่อนให้ค่ะ
0	โอเคคะผ่านฉลุย
0	สามารคนำข้นproduction
0	คุณดาคะ
0	โอเค
0	คอนเฟิมขึ้นไหมคะ
0	คุณดาคะ
0	ทั้ง
0	แก้เสร็จแล้วนะ
0	คุณเฟิร์นเรื่องรูปที่drawing
0	dimensionที่รูป
0	ok
0	จังหวะ
0	คุณเฟิร์นเช็คที่itemปกติด้วยได้มั้ยคะ
1	เค้าว่าลองเปลี่ยนตัวเลขแล้วก็ไม่ขึ้น
1	โหลดlpไม่ได้คะ
0	คุณดาคะ
0	ว่งเคสdimension
1	โหลดlpไม่ได้2รายการคะ
0	คุณดาค่ะ
0	สาเหตุตอนนี้อยู่ในช่วงตรวจสอบค่ะ
0	เคสนี้อยู่ระหว่างแก้คะ
1	ฝากดูเรื่องใบเสนอราคาให้หน่อยครับ
1	ตอนนี้จะขึ้นให้ติ๊ก
0	คุณเฟิร์นฝากส่ง
1	เปิดไฟล์
1	ส่งรูปไม่ไป
0	ตอนนี้มีการ
1	Presale
1	พอดี
1	เข้าไม่ได้เหมือนกัน
0	อืม
1	เป็นอีกแล้ว
1	Pressle
1	LP
0	ขอ
1	Lpเปิดไม่ได้คะ
0	เรื่อง
0	มีบางตัวที่
0	ขอแจ้ง
0	อันนี้คือสรุปข้อที่ยังตกค้างของ
0	อะเคคะ
1	ส่วนรายการสีแดง
0	ถ้ามีการขอ
0	แต่ว่าถ้าสมมุติเป็นงานกระเป๋าอย่าง
0	จำได้ว่าห้าม
0	เคสนี้เราไม่เคยคุยกันไว้ค่ะเรื่องเงื่อนไขการ
0	โอเคยืนยันแบบคุณมิ้วเสนอคะ
0	อันนี้รบกวนนำเข้า
1	ใส่สีพิมพ์แล้วไม่แสดงคะ
1	4
1	Lpยังเปิดไม่ได้คะ
0	2
0	หรือต้องถามทาง
0	ฝากคุณมิ้วค์เช็คเลยก็ได้ครับ
0	เหลือ
0	ตอนนี้สามารถกดเปิดฟอร์มได้แล้ว
0	เหลือ
1	Presales
1	วันนี้​
1	ล้มเหรอครับ
0	App
0	เกิดจากอะไรเหรอคะ
0	เป็นช่วงที่
1	download
0	ขอไฟล์ที่ใช้แนบได้มั้ยคะ
0	แต่มันจะทับไฟล์เดิมนะคะ
0	ขอไฟล์ที่ใช้แนบได้มั้ยคะ
0	อันนี้มิ้วค์ลองมันได้ปกติค่ะ
1	เปิดไม่ได้
1	มาเยอะผิดปกติครับ
1	ฝากดูเคสคุณตุลย์หน่อยนะคะ
0	ดาส่งไฟล์ที่มีปัญหาทางเมลล์นะคะ
1	ทั้ง
1	แจ้งปัญหาครับ
1	*user
1	พรีเซลหน่วงไหมครับ
0	อ่อ
1	presale
1	Presale
1	เข้าไม่ได้
1	ตอนนี้เข้าไม่ได้ครับ
1	ตอนนี้
1	Ps
1	connection
0	จำนวนคนใช้งานอ่ะเปล่า
0	พี่พิเชษฐ์
0	9462
0	สีเหลืองคือ?
0	งานไส้
0	ใคร
0	ส่วน
0	นิคมา
0	-สินค้าใหม่
0	-
0	-ปป.การพิมพ์
1	นิคทำ
0	ตรง
0	ถ้ามีคนชัดเจนไม่ต้องใส่จ้าาา
0	หมายถึงตรง
0	นิคระบุ
0	ก็เอา
0	dimension
1	สีพิมพ์ไม่เรียง
0	ต้องกด
0	อันนี้ต้องทำการ
0	dimension
0	อ้อเอกสารจะไม่ขึ้นใช่มะ
0	จะขึ้น
0	หายไป
0	เพราะถ้าสร้างจาก
0	เหลือสีพิมพ์
0	มีรายการmulti
0	จะทำการ
1	มันค้างกด
0	clear
0	รบกวนเคลียร์แคชก่อนเริ่มการใช้งานด้วยคะ:)
0	เนื่องจากมีการอัพเดทโปรแกรม
0	Item
1	Quotation
1	lp
1	lp
0	Delegate
1	คนตั้งการ์ด
1	Product
1	เคลียสองรอบแล้ว
0	ขอ
1	ตอนเสนอราคา
1	เหมือน
1	ใช่แล้ว
0	ซึ่งใน
1	พี่ดา
1	ขอรบกวนเช็ค
1	ML
0	งั้นรบกวนขอไฟล์ที่ทาง
0	เพราะไม่มีการระบุห้องตัดไว้ตั้งแต่ต้น
0	อันนี้แจ้งสาเหตุที่ทำให้งานไม่เข้าห้องตัดค่ะ
1	สวัสดีค่ะคุณนิค
1	ตัวอักษรใหญ่ขึ้นใน
1	ในส่วนของ
0	คุณดาคะ
0	ฝากดูถ้าหลายตัว
0	มายถึง
0	กลัวหลายบรรทัด
1	พี่ตั๊กเปิดดู
0	เดี๋ยวลดไซส์ให้หน่อยนะครับ
0	อันนี้มันขึนรหัสลูกค้าทั้งแผง
0	เลขสี่ตัวข้างหน้าตรงไหนครับ
0	ตรงที่ไฮไลท์ค่ะ
0	ไปแก้ใน
1	ผมรอไม่ไหว
1	ช่วยตรวจสอบด้วยนะครับ
1	ทำให้เอกสารmc
1	ผมครับ
1	@Dadah
1	Ml
1	เคสของคุณดิษที่อัพโหลด
0	เพราะในไฟล์อัพโหลด
1	#
0	คนมิ้วคะ
0	คะ
1	แต่พี่เม้งห้องตัดบอกไม่มีครับผม
1	เซลว่าห้องตัดก็ไม่เห็น
1	แต่ของแผนของาน
1	@สมศักดิ์
1	ถ้าติดขัดอะไร
1	เคสนั้นวิวไม่ได้ปป.ซ้ำค่ะ
1	พบปัญหา
1	ใน
0	คือ
1	กรณีนี้ถ้าปลดจะไม่ได้
0	สอบถามคะ
1	พบปัญหา
1	มีงานปป
1	ช่วยเช็คlogให้หน่อยได้มั้ยคะ
0	แต่ถ้า
0	เพราะทางขวาไม่มีข้อมูล
0	แต่ด้านซ้ายมีข้อมูล
0	แต่ถ้า
1	item
1	TCKP
1	Board
1	เคลียร์แล้วก็ยังไม่ขึ้นนะครับ
0	พี่พิเชษ
0	เคสนี้อ่ะค่ะคุณดา
0	ปรับแล้น
0	คุณนิค
1	รบกวนหน่อยครับ
1	Program
1	ทำให้
1	ไม่แน่ใจว่า
1	ตอนกด
1	Save
1	คือพิมพ์ชื่อ
1	ตอนกด
1	แล้วพอกลับไปที่search
0	มิ้วรู้แล้วค่ะ
0	ถ้าจะไม่ระบุรายละเอียด
0	เรื่องไม่ระบุ
1	แต่พอลงโปรแกรม
1	เป็นมา
1	พรีเซล
1	@Dadah
1	ระบบเป็นอะไรรึเปล่าคะ
1	เห็นว่าค้างๆ
1	แจ้งมาสามโรงงานแล้ว
0	ถ้าเลือก
1	login
1	เป็น
1	อีกรายการนึง
1	#
0	คุณดาคะ
0	รบกวนขอitem
0	เคสเดียวกันแต่อีกตัวที่ปัญหาเดียวกันคะ
1	@Dadah
1	คุณดาคะ
0	ส่วนเลข
0	ถ้าแก้ข้อมูลแล้วฝากแจ้งหน่อยนะคะ
0	เฟินให้ทางทีมเช็ค
0	มัลติไอเทม
1	พอโหลดแล้วerror
0	รบกวนเคลียร์แคชก่อนใช้งานด้วยนะคะ
1	เคสมะวานยังโหลดไม่ได้นะคร้าบ
0	นอกเหนือจากนี้
0	รบกวนเคลียร์แคชก่อนใช้งานด้วยนะคะ
0	ช่วยลบรายการที่ค้างในระบบการตั้งการ์ดให้ด้วยนะคะ
1	เรียนคุณนิค
1	@nick
0	ใน
0	ทั้งหมด5รายการค่ะ
0	ลบออกทั้งหมดได้เลยค่ะ
0	คุณเฟิร์น
0	หมายถึง
1	วันนี้พบปัญหาอีกแล้ว
0	ทุกตัวคะ
0	หมายถึง
0	ช่ายคะ
0	เคสนี้
1	Presale
0	ใช่
0	ไฟล์โหลดไม่ได้คะ
1	จากที่เคยแจ้งว่าแนบไฟล์
1	แนบเป็น
1	โหลดไฟล์mlไม่ขึ้นคะ
1	พบปัญหา.
1	แล้วใน
1	ทำเปลี่ยนแปลงชื่อสินค้า
1	ฝากตรวจสอบคะ
1	เจอปัญหาเกรดกระดาษแหว่งคับ
1	เคสนี้
0	1.
0	ทางss
1	เกรดกระดาษแสดงไม่ครบคะ
1	1532-421-00
1	ยังไม่ขึ้นเลย
0	พี่เปิดงานไป
0	มี
1	แต่พอมีงานเข้ามาถ้าไม่โยนโปรแกรมไม่ยอมออกให้ครับ
0	มีวรรค
0	แต่ระบบจะบังคับให้
1	ช่วยปลดออกได้ไหมครับคือไม่ต้องบังคับโยนอะครับ
0	ด้วยความที่ฟอร์มเดิมช่องนี้เคยยาวกว่านี้
1	ถ้าไม่โยนโปรแกรมก็ไม่ยอมให้ออกจากหน้าจอ
1	เปลี่ยนแปลงตามเอกสารแนบ
0	โดยแสดงข้อมูลเพียงไม่กี่ตัวอักษรครับ
0	ขอให้
0	เพิ่มไว้ในช่อง
1	เรียนนิค
1	แจ้งพบปัญหา
1	@OoGotoO
0	หืมมม
0	เป็นงานสินค้าใหม่
0	แต่ระบบไม่ควรขึ้นคำว่า
0	ถ้าแนบไฟล์ไม่ตรงกับที่ขอ
0	คือขึ้นว่า
0	ถ้า
0	ก็ไม่
0	เพื่อไม่ให้แสดง
1	ทำ
1	ทาง
0	อันนี้เคสราคาไม่อัพเดทครับ
0	เคสนี้ขอเช็คอีกทีนะครับ
0	ส่วนเคส
1	เคส
0	Vendor
0	แต่ที่ติดที่ส่วนประกอบค่ะ
0	รบกวนแจ้งให้
0	เพราะมีข้อมูลที่เป็น
0	พี่แหม่ม
0	เนื่องจากตัวที่
0	รบกวนเพิ่ม
1	สินค้า
0	ราคาไม่ขึ้นใช่ไหมฮะ
1	approve
1	มันคือกดฟอร์มไม่ได้ค่ะ
1	TCKP-1323-6207-001
1	พี่เจ๋งบอกว่าลบ
1	เข้าไปสร้าง
1	Quotation
1	send
0	แต่ทำ
1	ลบ
0	งานมันไม่วิ่งล่ะนะ
1	Multi
1	ตอน
1	น้องนิค
1	มีเปลี่ยนแปลงราคาครับ
1	แจ้งมาว่า
1	ดาเทสเปิดงานเปลี่ยนแปลง
1	@Dadah
1	อ่อ
1	เปิด
1	เปิดไฟล์ไม่ได้ช่วงนี้บ่อยมากคะ
1	AMก็เปิดดูไม่ได้ด้วยนะครับ
1	พี่ดาครับ
1	ฝั่งซ้าย
1	เหมือน
1	เค้าว่าข้อความหายคะ
1	จากรูปคือบอกว่า
0	คุณฟิวส์ว่าโอเค
1	และงาน
0	ลดแค่(ชิ้น)
0	อาจเติม
0	@Dadah
1	ทางขายแจ้งว่า
0	คุณมิ้วอันนี้จำนวนตัวอักษรเนื้อหา
0	Sales
0	เดี่ยวให้เค้าดึงไปแก้ก่อนมั้ยคะ
1	เนื่องจากข้อความขึ้นไม่ครบครับ
0	เพราะเข้าใจว่าพื้นที่จำกัด
0	แล้วปรากฎว่าคนรับงานไม่เห็น
0	เหมือนเข้าไป
0	คือดึงจากพรีเซลไม่ได้เหรอคะ
1	เคสใหม่ครับ
1	ราคา
0	คสนี้อยากรบกวนช่วยเปลี่ยนจากห้องตัดนวนครเป็นบางปูให้ได้มั้ยคะ
1	เคสใหม่ครับ
1	ในmc
1	Calculate
1	Cal
1	ไม่ตรงกับสีพิมที่ฝั่ง
1	Multi
1	กลายเป็น
0	มันเป็นงาน
0	1.คนตั้งการ์ดตอนตั้ง
1	บริการลูกค้ามาเจอcodeซ้ำตอน
1	Presales
0	คุณดาคะ
0	เพิ่มให้เหมือนกับ
0	ส่วน
0	ใช่ครับ
1	รายการที่
1	รายการที่
1	ข้อมูลส่งเข้ามาไม่ตรงกัน
1	Routing
0	คือตอนนี้ที่
1	ขอแจ้ง
1	มันลบไม่ออกอ่าครับ
1	เห็นขึ้น
0	มันติดที่
0	เดี๋ยวเคสอักขระพิเศษใน
0	ลูกค้าใหม่เยื่อไผ่
0	ยังไม่มา
0	ยังไม่มาเลยครับ
